{
  "name": "mssql-sink-connector",
  "config":{
      "connector.class" :"io.confluent.connect.jdbc.JdbcSinkConnector",
      "tasks.max": "1",
      "topics": "test-topic",
      "connection.url": "jdbc:sqlserver://my-mssql-container:1433;databaseName=test1",
      "connection.user": "sa",
      "connection.password": "Darshan123",
      "auto.create": "true",
      "auto.evolve": "true",
      "insert.mode": "insert",
      "pk.mode": "none",
      "table.name.format": "sink_table"
  }
}