{  
    "name": "postg-source-connector",  
    "config": {  
      "connector.class": "io.debezium.connector.postgresql.PostgresConnector",  
      "database.port": "5432",  
      "database.hostname": "postgres",  
      "database.user": "yesitsme",  
      "database.password": "Darshan123",  
      "database.dbname": "Task1",  
      "database.server.name": "postgres",  
      "plugin.name": "pgoutput",  
      "slot.name": "debezium_slot",  
      "publication.name": "db_publication",  
      "table.include.list": "public.employeee",  
      "database.history.kafka.bootstrap.servers": "kafka1:29092",  
      "database.history.kafka.topic": "schema-changes-topic",  
      "incrementing.column.name": "id",  
      "topic.prefix": "new1",  
      "key.converter": "org.apache.kafka.connect.json.JsonConverter",  
      "key.converter.schemas.enable": "true",  
      "value.converter": "org.apache.kafka.connect.json.JsonConverter",  
      "value.converter.schemas.enable": "true"  
    }  
}















